,timestamp,open,high,low,close,volume
0,2024-11-03 14:00:00,67563.63,68181.72,68025.62,67744.4,464.24420714
1,2024-11-03 13:00:00,67950.19,68489.92,68468.21,68025.61,244.87615068
2,2024-11-03 12:00:00,68257.05,68534.69,68330.01,68470.0,147.53158039
3,2024-11-03 11:00:00,68282.08,68553.0,68405.48,68330.01,56.80138805
4,2024-11-03 10:00:00,68203.87,68530.53,68213.45,68405.48,73.35109906
5,2024-11-03 09:00:00,68168.9,68499.98,68447.53,68206.57,64.29389044
6,2024-11-03 08:00:00,68254.45,68564.68,68350.27,68447.54,158.16277677
7,2024-11-03 07:00:00,68328.99,68728.9,68550.88,68350.28,246.01630144
8,2024-11-03 06:00:00,68355.98,68742.89,68408.05,68550.87,71.24151849
9,2024-11-03 05:00:00,68396.19,68669.59,68558.07,68408.05,90.77798567
10,2024-11-03 04:00:00,68282.76,68671.32,68355.74,68560.97,282.15344429
11,2024-11-03 03:00:00,67990.02,68427.05,68182.53,68355.74,345.02229035
12,2024-11-03 02:00:00,67833.0,68999.96,68987.06,68182.58,923.27353933
13,2024-11-03 01:00:00,68974.99,69201.01,69137.36,68987.06,185.00639202
14,2024-11-03 00:00:00,69129.05,69364.65,69360.95,69137.34,137.65224209
15,2024-11-02 23:00:00,69131.11,69433.03,69409.24,69358.94,207.77434792
16,2024-11-02 22:00:00,69335.26,69526.39,69418.01,69409.24,65.25955387
17,2024-11-02 21:00:00,69418.0,69545.29,69520.64,69418.01,62.9253234
18,2024-11-02 20:00:00,69450.0,69560.63,69492.44,69520.64,51.22923086
19,2024-11-02 19:00:00,69361.56,69548.25,69406.93,69497.24,57.54765577
20,2024-11-02 18:00:00,69203.51,69470.63,69378.66,69406.93,108.79497274
21,2024-11-02 17:00:00,69307.96,69577.77,69555.17,69376.59,75.97079529
22,2024-11-02 16:00:00,69289.0,69591.97,69371.84,69557.17,89.89013736
23,2024-11-02 15:00:00,69106.26,69420.89,69242.5,69365.72,117.20185883
24,2024-11-02 14:00:00,69000.0,69412.63,69344.97,69240.89,189.03662901
25,2024-11-02 13:00:00,69325.02,69682.6,69437.36,69342.86,152.46304459
26,2024-11-02 12:00:00,69370.0,69658.25,69579.3,69437.37,99.17624835
27,2024-11-02 11:00:00,69550.43,69682.41,69595.11,69579.3,76.447641
28,2024-11-02 10:00:00,69382.33,69599.8,69525.64,69595.16,71.82319727
29,2024-11-02 09:00:00,69483.81,69643.83,69603.04,69525.64,57.78827308
30,2024-11-02 08:00:00,69544.16,69808.17,69772.21,69603.03,45.43588332
31,2024-11-02 07:00:00,69655.26,69787.79,69724.41,69775.82,71.55106984
32,2024-11-02 06:00:00,69541.56,69731.05,69675.44,69724.41,56.4284778
33,2024-11-02 05:00:00,69414.79,69700.67,69542.42,69675.43,44.35361559
34,2024-11-02 04:00:00,69435.93,69609.1,69581.74,69542.42,51.6988102
35,2024-11-02 03:00:00,69539.2,69767.56,69641.01,69581.79,68.63294371
36,2024-11-02 02:00:00,69636.03,69891.92,69642.26,69641.0,111.25194916
37,2024-11-02 01:00:00,69472.62,69679.87,69647.91,69642.27,92.46551888
38,2024-11-02 00:00:00,69441.17,69662.58,69466.64,69647.91,178.8492632
39,2024-11-01 23:00:00,69317.77,69585.99,69400.75,69467.29,128.01058546
40,2024-11-01 22:00:00,69186.75,69415.81,69209.87,69400.76,148.25990806
41,2024-11-01 21:00:00,68815.89,69316.02,69203.65,69213.07,328.48576898
42,2024-11-01 20:00:00,69114.36,69422.68,69206.18,69205.22,434.38665658
43,2024-11-01 19:00:00,68720.0,69397.44,69099.9,69211.34,1300.89416108
44,2024-11-01 18:00:00,69003.64,69612.88,69555.27,69099.91,914.99966536
45,2024-11-01 17:00:00,69450.0,70169.39,69903.07,69552.21,845.67067023
46,2024-11-01 16:00:00,69327.86,70494.66,69364.49,69905.99,892.67769851
47,2024-11-01 15:00:00,69025.0,71350.29,71258.6,69364.48,1888.30080926
48,2024-11-01 14:00:00,70883.21,71620.0,71150.77,71258.6,2473.1132264
49,2024-11-01 13:00:00,70067.44,71169.79,70294.47,71149.22,1229.81742988
50,2024-11-01 12:00:00,69834.49,70400.81,69937.72,70294.48,621.10348797
51,2024-11-01 11:00:00,69913.62,70166.48,69920.31,69937.72,272.47472523
52,2024-11-01 10:00:00,69452.63,70091.43,69470.15,69920.31,511.99891053
53,2024-11-01 09:00:00,69249.79,69530.48,69309.7,69469.4,165.07973836
54,2024-11-01 08:00:00,69161.83,69464.89,69198.94,69309.7,122.74768115
55,2024-11-01 07:00:00,69020.82,69359.81,69148.71,69204.78,224.48386526
56,2024-11-01 06:00:00,69141.26,69633.54,69541.04,69147.67,177.17087301
57,2024-11-01 05:00:00,69451.1,69610.83,69525.91,69541.05,124.9317058
58,2024-11-01 04:00:00,69250.04,69564.11,69277.95,69525.91,482.19019968
59,2024-11-01 03:00:00,69241.48,69636.65,69492.84,69275.71,318.29604606
60,2024-11-01 02:00:00,68750.37,69516.38,69309.68,69497.55,681.04214953
61,2024-11-01 01:00:00,69208.43,70259.62,70063.03,69309.69,693.5957517
62,2024-11-01 00:00:00,70038.83,70364.64,70198.02,70061.42,315.12505353
63,2024-10-31 23:00:00,70175.16,70550.0,70389.55,70197.83,319.2052181
64,2024-10-31 22:00:00,70081.26,70439.04,70350.1,70383.13,367.37427774
65,2024-10-31 21:00:00,69750.71,70434.69,69925.37,70350.1,426.44306335
66,2024-10-31 20:00:00,69559.33,70196.29,69956.56,69922.3,1495.01011448
67,2024-10-31 19:00:00,69886.44,70684.58,70566.81,69963.39,1375.64007667
68,2024-10-31 18:00:00,70000.7,70744.35,70740.51,70566.82,1024.71106647
69,2024-10-31 17:00:00,70280.1,70748.98,70336.86,70740.51,750.40124183
70,2024-10-31 16:00:00,70249.1,70866.6,70572.48,70333.42,1267.87846745
71,2024-10-31 15:00:00,70387.13,71010.46,70719.24,70573.63,1632.76958811
72,2024-10-31 14:00:00,70593.08,71356.69,71282.6,70721.36,2019.12404915
73,2024-10-31 13:00:00,71088.37,72175.29,72102.89,71282.6,1205.24492706
74,2024-10-31 12:00:00,71975.0,72261.69,72200.11,72102.89,426.25889167
75,2024-10-31 11:00:00,72197.01,72644.24,72620.69,72200.1,292.63627976
76,2024-10-31 10:00:00,72200.0,72684.02,72285.56,72628.06,228.10373165
77,2024-10-31 09:00:00,72228.96,72386.73,72261.07,72284.75,133.64190082
78,2024-10-31 08:00:00,72134.57,72444.23,72407.23,72261.08,131.77737242
79,2024-10-31 07:00:00,72125.25,72462.67,72192.42,72407.23,179.05693474
80,2024-10-31 06:00:00,72133.35,72313.76,72271.06,72192.41,109.97464416
81,2024-10-31 05:00:00,72180.18,72372.39,72258.3,72271.05,147.56832785
82,2024-10-31 04:00:00,72206.06,72367.61,72335.03,72258.31,161.05033906
83,2024-10-31 03:00:00,72268.0,72583.13,72532.8,72335.04,235.30175322
84,2024-10-31 02:00:00,72160.6,72561.54,72346.17,72528.97,227.95487654
85,2024-10-31 01:00:00,72000.0,72433.22,72144.0,72346.16,235.41860453
86,2024-10-31 00:00:00,72019.42,72399.15,72322.91,72144.0,334.23885659
87,2024-10-30 23:00:00,72322.88,72679.0,72375.18,72322.91,226.34522557
88,2024-10-30 22:00:00,72234.75,72642.54,72376.57,72375.18,297.23823507
89,2024-10-30 21:00:00,72100.0,72948.6,72849.97,72376.57,656.18227757
90,2024-10-30 20:00:00,71630.07,72850.07,71812.7,72844.31,2030.36202239
91,2024-10-30 19:00:00,71761.53,72069.17,71955.27,71817.56,1516.96730727
92,2024-10-30 18:00:00,71824.96,72143.64,71873.6,71960.98,596.41034417
93,2024-10-30 17:00:00,71621.36,72119.3,72099.98,71873.59,431.43822022
94,2024-10-30 16:00:00,71775.55,72199.05,72040.41,72099.99,660.66295299
95,2024-10-30 15:00:00,71681.28,72449.98,72404.03,72040.42,885.47872081
96,2024-10-30 14:00:00,71900.01,72450.0,71940.2,72404.01,904.02588464
97,2024-10-30 13:00:00,71400.01,72079.38,71841.99,71940.21,1191.41955881
98,2024-10-30 12:00:00,71750.0,72136.26,71973.15,71849.29,568.73358635
99,2024-10-30 11:00:00,71909.61,72352.39,72341.15,71973.15,373.17546365
100,2024-10-30 10:00:00,72328.47,72582.88,72553.33,72341.15,145.80016778
101,2024-10-30 09:00:00,72203.56,72570.0,72220.4,72553.33,172.78216869
102,2024-10-30 08:00:00,72202.69,72540.6,72214.07,72226.19,350.74972643
103,2024-10-30 07:00:00,72082.7,72435.01,72287.26,72214.08,175.77370873
104,2024-10-30 06:00:00,72280.54,72600.0,72485.7,72287.25,193.39860962
105,2024-10-30 05:00:00,72260.0,72495.38,72266.1,72485.7,171.30123222
106,2024-10-30 04:00:00,72168.69,72340.43,72220.8,72266.1,272.38053279
107,2024-10-30 03:00:00,72157.99,72463.61,72316.42,72224.23,340.2222103
108,2024-10-30 02:00:00,72307.27,72624.0,72406.9,72316.45,363.96258182
109,2024-10-30 01:00:00,72000.0,72413.09,72274.52,72408.55,531.65438646
110,2024-10-30 00:00:00,72114.05,72774.59,72724.35,72274.51,487.02825402
111,2024-10-29 23:00:00,72493.82,72798.0,72645.94,72724.35,691.29375326
112,2024-10-29 22:00:00,72161.9,72971.0,72263.61,72649.68,537.2492503
113,2024-10-29 21:00:00,72194.42,72599.55,72301.22,72259.89,314.2003393
114,2024-10-29 20:00:00,71842.66,72658.09,72512.32,72307.76,1124.46538792
115,2024-10-29 19:00:00,72490.81,73624.98,73170.34,72512.31,2513.94058667
116,2024-10-29 18:00:00,72651.18,73250.0,72701.04,73168.16,1238.6864346
117,2024-10-29 17:00:00,72514.16,72999.0,72733.55,72703.81,1612.05419764
118,2024-10-29 16:00:00,72352.05,72936.71,72402.23,72732.17,1868.78898383
119,2024-10-29 15:00:00,71620.6,72423.76,71838.86,72402.22,1970.8792295
120,2024-10-29 14:00:00,71280.19,71973.28,71779.16,71838.87,1664.86012834
121,2024-10-29 13:00:00,70878.05,71809.35,71061.82,71774.14,1386.89300707
122,2024-10-29 12:00:00,71053.78,71472.77,71416.91,71061.86,462.80697272
123,2024-10-29 11:00:00,71098.28,71550.0,71122.13,71413.7,474.35575288
124,2024-10-29 10:00:00,71033.43,71290.29,71243.1,71122.13,192.76253927
125,2024-10-29 09:00:00,71064.85,71294.75,71084.59,71243.11,187.47664779
126,2024-10-29 08:00:00,70920.41,71169.49,70968.78,71084.59,218.60983433
127,2024-10-29 07:00:00,70781.31,71224.9,71199.23,70963.89,283.41511288
128,2024-10-29 06:00:00,70942.94,71305.88,70969.53,71199.24,355.42259257
129,2024-10-29 05:00:00,70838.51,71046.09,71023.26,70969.53,307.09124252
130,2024-10-29 04:00:00,70856.53,71080.94,70875.62,71023.2,336.58706321
131,2024-10-29 03:00:00,70811.73,71371.34,71128.68,70875.61,487.68125996
132,2024-10-29 02:00:00,70165.53,71500.0,70249.93,71128.67,1805.0973848
133,2024-10-29 01:00:00,69780.11,70300.0,69908.65,70249.93,321.39949747
134,2024-10-29 00:00:00,69705.76,69974.49,69924.49,69908.62,260.89467123
135,2024-10-28 23:00:00,69704.23,70100.0,69913.33,69924.5,368.68443704
136,2024-10-28 22:00:00,69749.02,70235.98,69769.99,69909.68,1085.57833539
137,2024-10-28 21:00:00,69488.11,69780.83,69639.35,69770.0,279.09179806
138,2024-10-28 20:00:00,69400.64,69704.13,69612.53,69639.35,427.23209519
139,2024-10-28 19:00:00,69102.19,70000.0,69175.0,69616.92,2451.05220847
140,2024-10-28 18:00:00,68800.69,69221.36,68949.67,69175.0,830.34525552
141,2024-10-28 17:00:00,68461.02,69181.81,68663.71,68951.93,1431.3828561
142,2024-10-28 16:00:00,68378.92,68942.4,68428.36,68663.71,1192.07847433
143,2024-10-28 15:00:00,68381.46,68803.24,68791.63,68428.44,1280.67330296
144,2024-10-28 14:00:00,68625.22,69048.83,68773.56,68783.39,1276.87637134
145,2024-10-28 13:00:00,68705.94,69250.0,68837.78,68769.0,1778.80408235
146,2024-10-28 12:00:00,68509.47,68988.0,68682.93,68838.91,899.47834721
147,2024-10-28 11:00:00,68413.36,68697.98,68550.75,68682.91,259.35996875
148,2024-10-28 10:00:00,68461.22,68758.93,68493.09,68550.76,374.45048863
149,2024-10-28 09:00:00,68155.41,68539.16,68241.01,68492.49,220.93365671
150,2024-10-28 08:00:00,68235.28,68510.34,68332.02,68241.57,266.53142927
151,2024-10-28 07:00:00,67867.05,68576.98,67867.05,68328.5,621.71513079
152,2024-10-28 06:00:00,67707.9,67867.53,67825.0,67867.05,106.38591649
153,2024-10-28 05:00:00,67532.48,67877.72,67660.42,67825.0,134.04724949
154,2024-10-28 04:00:00,67551.43,67719.96,67646.81,67658.54,191.28454451
155,2024-10-28 03:00:00,67618.96,67906.94,67713.56,67646.8,195.81459495
156,2024-10-28 02:00:00,67583.71,67776.9,67651.57,67710.62,78.21076067
157,2024-10-28 01:00:00,67642.7,67817.83,67763.02,67657.78,106.63898217
158,2024-10-28 00:00:00,67733.35,68039.95,67943.18,67765.66,283.48984985
159,2024-10-27 23:00:00,67899.19,68201.92,68030.31,67943.19,280.88406419
160,2024-10-27 22:00:00,67845.63,68261.37,67847.52,68030.74,590.22760365
161,2024-10-27 21:00:00,67637.7,68085.98,67680.35,67840.67,157.91411626
162,2024-10-27 20:00:00,67637.78,67839.7,67755.57,67680.34,84.20696087
163,2024-10-27 19:00:00,67468.03,67764.52,67477.31,67755.4,81.88854281
164,2024-10-27 18:00:00,67455.55,67688.14,67676.74,67480.84,110.56261394
165,2024-10-27 17:00:00,67636.26,67912.21,67743.45,67676.73,166.2990669
166,2024-10-27 16:00:00,67535.05,67795.0,67707.62,67743.44,210.47733043
167,2024-10-27 15:00:00,67610.71,67777.0,67613.43,67707.61,101.16103305
168,2024-10-27 14:00:00,67522.99,67666.0,67540.57,67617.91,75.61606857
169,2024-10-27 13:00:00,67304.38,67687.68,67313.63,67536.43,203.86676517
170,2024-10-27 12:00:00,67039.57,67426.0,67048.44,67317.13,176.32773038
171,2024-10-27 11:00:00,66955.36,67106.4,67011.25,67050.77,37.67294129
172,2024-10-27 10:00:00,66989.27,67111.94,67059.2,67011.25,45.79671794
173,2024-10-27 09:00:00,67020.0,67127.31,67127.31,67060.45,29.2092996
174,2024-10-27 08:00:00,67077.04,67177.29,67114.74,67129.98,31.05934015
175,2024-10-27 07:00:00,67081.91,67144.1,67098.05,67114.71,29.63760519
176,2024-10-27 06:00:00,67030.11,67102.64,67093.81,67096.33,20.75289059
177,2024-10-27 05:00:00,67049.59,67132.06,67065.22,67095.66,37.69707918
178,2024-10-27 04:00:00,67021.79,67222.25,67197.58,67061.46,59.653254
179,2024-10-27 03:00:00,66904.74,67227.8,66960.11,67197.58,113.81059606
180,2024-10-27 02:00:00,66931.05,67027.7,66979.04,66960.1,43.78091818
181,2024-10-27 01:00:00,66836.78,67039.47,66926.4,66985.09,63.63240722
182,2024-10-27 00:00:00,66881.25,67030.28,67008.15,66926.41,67.46272359
183,2024-10-26 23:00:00,66993.44,67069.68,67039.92,67012.56,100.94265469
184,2024-10-26 22:00:00,67015.71,67163.5,67088.99,67042.5,55.22857377
185,2024-10-26 21:00:00,66999.83,67186.23,67173.56,67089.21,121.25863934
186,2024-10-26 20:00:00,67050.49,67365.18,67100.5,67173.56,144.76300863
187,2024-10-26 19:00:00,66936.07,67103.18,66942.16,67100.49,223.65708416
188,2024-10-26 18:00:00,66926.63,67069.99,66974.49,66942.16,99.45347964
189,2024-10-26 17:00:00,66388.2,67055.1,66864.52,66974.5,49.05275316
190,2024-10-26 16:00:00,66781.74,66870.57,66800.48,66864.73,2.2377826
191,2024-10-26 15:00:00,66675.24,66920.88,66712.82,66795.54,87.30742903
192,2024-10-26 14:00:00,66644.83,66874.66,66803.39,66713.12,126.18341277
193,2024-10-26 13:00:00,66784.25,67031.28,66946.4,66808.06,92.6161724
194,2024-10-26 12:00:00,66906.75,67101.59,67056.84,66946.4,99.39992354
195,2024-10-26 11:00:00,66876.82,67083.85,66977.74,67055.68,93.97456436
196,2024-10-26 10:00:00,66920.07,67108.34,66968.89,66977.74,69.7740373
197,2024-10-26 09:00:00,66973.03,67188.55,67058.44,66973.03,92.45404852
198,2024-10-26 08:00:00,66920.3,67098.13,66926.56,67058.44,94.34588278
199,2024-10-26 07:00:00,66913.98,67108.03,67086.89,66926.56,105.3863226
200,2024-10-26 06:00:00,66959.24,67159.97,67049.33,67086.89,108.33904651
201,2024-10-26 05:00:00,66851.79,67156.74,66855.94,67049.34,163.12422504
202,2024-10-26 04:00:00,66687.79,66903.91,66814.44,66855.95,148.71234359
203,2024-10-26 03:00:00,66580.85,66890.0,66730.12,66816.54,122.87179171
204,2024-10-26 02:00:00,66331.95,66930.14,66594.88,66728.09,162.06144598
205,2024-10-26 01:00:00,66430.8,66711.88,66637.6,66597.1,226.58744778
206,2024-10-26 00:00:00,66413.18,66754.02,66564.51,66635.55,359.4879002
207,2024-10-25 23:00:00,65500.01,66674.22,66523.64,66564.51,948.36872829
208,2024-10-25 22:00:00,66504.37,67263.84,67171.52,66515.13,339.35390711
209,2024-10-25 21:00:00,66784.79,67179.96,66788.88,67171.51,300.27688158
210,2024-10-25 20:00:00,66446.13,66877.78,66725.35,66779.38,466.74216199
211,2024-10-25 19:00:00,66468.51,67130.3,66915.41,66725.35,1279.40823713
212,2024-10-25 18:00:00,65837.92,67535.64,66753.29,66915.42,2568.93022002
213,2024-10-25 17:00:00,66690.04,67787.36,67629.85,66762.11,1031.36153301
214,2024-10-25 16:00:00,67294.07,67827.93,67650.56,67622.56,814.53340685
215,2024-10-25 15:00:00,67400.0,68512.09,68274.23,67650.56,1188.67363994
216,2024-10-25 14:00:00,68086.33,68742.38,68288.32,68274.22,1658.40243589
217,2024-10-25 13:00:00,67686.95,68392.0,68022.14,68281.72,775.31120206
218,2024-10-25 12:00:00,67940.36,68254.75,68065.06,68022.14,336.75733044
219,2024-10-25 11:00:00,67739.54,68130.9,67810.4,68065.06,234.22077856
220,2024-10-25 10:00:00,67609.73,67824.02,67774.13,67816.64,148.28184264
221,2024-10-25 09:00:00,67463.43,67810.9,67608.89,67774.12,242.86976434
222,2024-10-25 08:00:00,67267.97,67711.79,67499.48,67608.89,192.85302242
223,2024-10-25 07:00:00,67204.96,67683.59,67592.49,67502.8,478.97553616
224,2024-10-25 06:00:00,67550.0,67809.01,67706.14,67592.05,111.16732668
225,2024-10-25 05:00:00,67550.38,67825.75,67697.12,67706.14,148.00772417
226,2024-10-25 04:00:00,67650.0,68004.06,67964.39,67702.69,211.89123179
227,2024-10-25 03:00:00,67937.8,68201.32,68020.02,67966.65,166.35076112
228,2024-10-25 02:00:00,67790.75,68041.4,67938.25,68023.9,179.78911052
229,2024-10-25 01:00:00,67805.78,67969.28,67948.22,67933.22,401.32835754
230,2024-10-25 00:00:00,67870.07,68235.69,68156.84,67948.22,261.63739512
231,2024-10-24 23:00:00,68010.02,68224.94,68133.65,68156.84,181.70480091
232,2024-10-24 22:00:00,68135.2,68529.62,68305.69,68139.56,351.33192351
233,2024-10-24 21:00:00,68150.78,68800.0,68150.78,68305.7,449.24097943
234,2024-10-24 20:00:00,67931.55,68304.07,68268.08,68148.24,396.92345615
235,2024-10-24 19:00:00,67669.1,68283.08,67780.55,68269.33,1255.75717923
236,2024-10-24 18:00:00,67564.84,67915.0,67595.87,67784.84,697.64924251
237,2024-10-24 17:00:00,67397.0,67800.0,67521.0,67596.32,560.78579728
238,2024-10-24 16:00:00,67278.74,67731.51,67636.0,67522.16,741.0818942
239,2024-10-24 15:00:00,67525.34,67930.97,67715.27,67635.99,764.81028143
240,2024-10-24 14:00:00,67462.41,67940.8,67837.92,67724.48,1187.96065236
241,2024-10-24 13:00:00,67379.27,67939.57,67453.23,67837.91,863.86786285
242,2024-10-24 12:00:00,67184.1,67538.0,67216.04,67453.22,371.2416799
243,2024-10-24 11:00:00,66916.74,67250.89,66930.31,67213.4,180.25019891
244,2024-10-24 10:00:00,66784.9,67061.13,66817.44,66930.31,228.4979781
245,2024-10-24 09:00:00,66665.47,66943.1,66788.59,66816.98,195.727481
246,2024-10-24 08:00:00,66784.03,67181.39,67047.6,66784.03,178.12776936
247,2024-10-24 07:00:00,67000.84,67243.56,67045.3,67046.67,163.34971563
248,2024-10-24 06:00:00,67035.32,67402.27,67282.14,67044.66,129.93331433
249,2024-10-24 05:00:00,67268.57,67400.0,67307.16,67288.7,85.24876574
250,2024-10-24 04:00:00,67128.02,67358.58,67136.72,67310.82,109.74524031
251,2024-10-24 03:00:00,67136.73,67404.26,67379.15,67136.73,113.77876523
252,2024-10-24 02:00:00,67076.45,67428.68,67194.35,67374.97,164.0154617
253,2024-10-24 01:00:00,66983.18,67546.99,67358.87,67196.73,368.94305455
254,2024-10-24 00:00:00,66445.32,67402.65,66601.1,67358.86,276.22480951
255,2024-10-23 23:00:00,66394.46,66766.15,66415.55,66601.11,257.0310816
256,2024-10-23 22:00:00,66280.28,66513.8,66347.33,66416.99,187.78682519
257,2024-10-23 21:00:00,66291.31,66604.47,66588.07,66349.19,208.98148191
258,2024-10-23 20:00:00,66244.5,66602.37,66393.42,66588.06,338.89593642
259,2024-10-23 19:00:00,65764.29,66487.83,65955.92,66393.44,863.58258012
260,2024-10-23 18:00:00,65149.51,65978.41,65620.35,65962.06,858.06776421
261,2024-10-23 17:00:00,65556.0,65910.03,65796.16,65620.35,817.14132439
262,2024-10-23 16:00:00,65724.9,66251.39,66152.31,65794.4,880.62885081
263,2024-10-23 15:00:00,65845.35,66432.72,66430.01,66152.33,854.45507845
264,2024-10-23 14:00:00,66371.15,66829.09,66744.62,66425.78,627.11564466
265,2024-10-23 13:00:00,66297.15,66850.0,66362.17,66744.61,485.20994759
266,2024-10-23 12:00:00,66046.54,66452.72,66371.51,66366.29,342.48609923
267,2024-10-23 11:00:00,66266.61,66555.86,66353.42,66366.78,185.30033187
268,2024-10-23 10:00:00,66342.0,66598.42,66467.11,66353.41,188.66929821
269,2024-10-23 09:00:00,66142.21,66547.38,66469.44,66467.11,473.38317901
270,2024-10-23 08:00:00,66366.0,66989.83,66798.41,66476.79,341.4612146
271,2024-10-23 07:00:00,66740.0,66959.51,66870.84,66796.57,186.91841942
272,2024-10-23 06:00:00,66852.02,67256.11,67038.76,66870.85,157.09797316
273,2024-10-23 05:00:00,66994.86,67181.09,67166.48,67038.76,82.1446455
274,2024-10-23 04:00:00,66944.6,67189.61,67028.66,67166.04,80.24965337
275,2024-10-23 03:00:00,66834.13,67131.24,67042.84,67028.66,156.06945352
276,2024-10-23 02:00:00,67012.71,67339.5,67297.91,67042.84,138.4843354
277,2024-10-23 01:00:00,67105.01,67340.74,67124.04,67297.92,93.15923862
278,2024-10-23 00:00:00,67075.0,67415.65,67389.7,67124.05,216.85104431
279,2024-10-22 23:00:00,67249.37,67738.0,67676.68,67380.08,318.55916351
280,2024-10-22 22:00:00,67439.66,67800.0,67486.71,67676.68,244.14534945
281,2024-10-22 21:00:00,67356.44,67507.98,67482.45,67487.83,102.7148077
282,2024-10-22 20:00:00,67369.42,67539.1,67430.7,67481.81,158.37192797
283,2024-10-22 19:00:00,67294.18,67608.63,67335.81,67439.11,593.99736626
284,2024-10-22 18:00:00,67189.92,67485.59,67274.48,67334.26,608.07864068
285,2024-10-22 17:00:00,66886.54,67390.15,66909.59,67279.5,736.56574438
286,2024-10-22 16:00:00,66864.9,67229.0,67223.88,66909.57,591.27012698
287,2024-10-22 15:00:00,67059.78,67654.27,67519.15,67230.38,743.58988685
288,2024-11-15 14:00:00,88571.3,90209.0,90149.58,89121.11,1739.51341332
289,2024-11-15 13:00:00,89302.68,90493.3,89759.52,90159.01,558.26073906
290,2024-11-15 12:00:00,89594.45,90702.12,89742.58,89759.52,698.87337186
291,2024-11-15 11:00:00,89139.1,89778.0,89357.82,89742.57,380.28622874
292,2024-11-15 10:00:00,88951.38,89450.0,89210.0,89357.82,243.77830625
293,2024-11-15 09:00:00,88392.77,89374.84,88509.68,89207.1,450.42379379
294,2024-11-15 08:00:00,87400.06,88179.4,87665.34,88059.9,254.63991155
295,2024-11-15 07:00:00,87627.0,88431.2,88205.32,87663.18,196.52191913
296,2024-11-15 06:00:00,87614.75,88217.12,87755.71,88208.61,207.89160134
297,2024-11-15 05:00:00,87304.32,87902.5,87487.75,87755.72,233.79629072
298,2024-11-15 04:00:00,87100.83,88293.22,88247.47,87487.8,752.62051967
299,2024-11-15 03:00:00,88137.5,88506.78,88387.17,88254.11,291.85791422
300,2024-11-15 02:00:00,87743.11,88477.31,88113.7,88387.15,308.13340501
301,2024-11-15 01:00:00,87401.54,88200.0,87903.2,88113.7,545.00603094
302,2024-11-15 00:00:00,87248.27,88454.15,87338.96,87903.21,687.14452565
303,2024-11-14 23:00:00,86672.07,87801.0,87654.17,87340.4,974.37231477
304,2024-11-14 22:00:00,87331.9,88362.77,88231.42,87654.16,367.07571512
305,2024-11-14 21:00:00,86966.63,88283.64,87550.1,88232.0,1717.95955127
306,2024-11-14 20:00:00,87500.45,89499.71,89499.71,87550.16,2271.12082947
307,2024-11-14 19:00:00,89155.14,89700.0,89161.43,89502.84,1004.7250823
308,2024-11-14 18:00:00,88950.0,89742.96,89271.84,89153.68,998.74427746
309,2024-11-14 17:00:00,88609.92,89455.61,89235.62,89266.96,1179.51543815
310,2024-11-14 16:00:00,87538.51,89284.74,87962.47,89235.35,1681.70385044
311,2024-11-14 15:00:00,87810.0,89671.79,88749.38,87962.45,2695.60389764
312,2024-11-14 14:00:00,88682.92,91831.25,90801.43,88749.38,2364.88849835
313,2024-11-14 13:00:00,90636.03,91446.0,91290.31,90801.43,817.83185152
314,2024-11-14 12:00:00,90998.62,91659.01,91543.52,91290.32,575.97242504
315,2024-11-14 11:00:00,90524.15,91715.26,91165.61,91545.36,529.7403011
316,2024-11-14 10:00:00,90881.08,91479.89,90963.52,91164.72,664.62794059
317,2024-11-14 09:00:00,90400.0,90969.79,90599.57,90963.53,430.20936462
318,2024-11-14 08:00:00,90387.13,91478.77,90830.6,90599.57,906.08509412
319,2024-11-14 07:00:00,89141.32,90921.73,89342.32,90829.7,502.08872391
320,2024-11-14 06:00:00,89323.16,90357.99,90020.42,89350.0,356.0193282
321,2024-11-14 05:00:00,89705.86,90198.26,90190.05,90015.3,345.33037572
322,2024-11-14 04:00:00,89408.82,90280.13,90016.61,90198.96,693.52229853
323,2024-11-14 03:00:00,89601.5,90299.99,90171.39,90012.61,453.64207163
324,2024-11-14 02:00:00,89738.1,90651.64,90456.45,90171.39,425.69174474
325,2024-11-14 01:00:00,89580.13,90540.15,90191.29,90459.67,552.26550358
326,2024-11-14 00:00:00,89776.02,90639.37,90499.4,90197.57,644.73395634
327,2024-11-13 23:00:00,89350.0,90666.71,89825.83,90493.82,837.68789606
328,2024-11-13 22:00:00,88450.0,89924.09,88639.77,89825.83,862.48036773
329,2024-11-13 21:00:00,88060.08,89892.63,89780.86,88639.67,2826.84969313
330,2024-11-13 20:00:00,89402.1,91304.32,90306.94,89780.86,3663.36789742
331,2024-11-13 19:00:00,90030.0,93018.89,92962.14,90313.24,3742.73694891
332,2024-11-13 18:00:00,92250.0,93290.89,92391.4,92962.15,2362.39157625
333,2024-11-13 17:00:00,91888.0,93000.0,92451.34,92391.41,1984.62333121
334,2024-11-13 16:00:00,91645.99,93495.0,92752.42,92451.34,3694.48957144
335,2024-11-13 15:00:00,90560.4,92929.0,91667.44,92759.73,4591.60152023
336,2024-11-13 14:00:00,88822.41,91981.63,89356.85,91666.92,4465.8757272
337,2024-11-13 13:00:00,87699.27,89877.0,87780.42,89362.24,2013.77300387
338,2024-11-13 12:00:00,87630.65,88149.09,87783.31,87775.7,662.29216981
339,2024-11-13 11:00:00,87551.05,88200.0,87651.71,87789.62,789.77461276
340,2024-11-13 10:00:00,87238.85,87672.65,87509.39,87651.71,616.07225557
341,2024-11-13 09:00:00,87185.14,87657.77,87348.05,87509.4,697.71955081
342,2024-11-13 08:00:00,87105.65,87819.73,87501.7,87335.5,1067.20881376
343,2024-11-13 07:00:00,86574.64,87625.68,86600.21,87504.95,1053.41753474
344,2024-11-13 06:00:00,86220.5,87079.5,86689.64,86600.22,784.0031507
345,2024-11-13 05:00:00,86589.63,87573.02,87311.46,86691.48,728.39109482
346,2024-11-13 04:00:00,86379.92,87827.38,87282.93,87311.47,1351.72737138
347,2024-11-13 03:00:00,87174.97,88271.6,87981.36,87278.73,825.76858867
348,2024-11-13 02:00:00,87137.69,88450.0,88374.86,87984.16,1092.9667293
349,2024-11-13 01:00:00,87820.0,88666.0,88158.54,88379.24,828.90704872
350,2024-11-13 00:00:00,87695.0,88569.91,88035.43,88158.54,774.56446231
351,2024-11-12 23:00:00,87500.0,88660.74,88660.74,88035.43,847.3253601
352,2024-11-12 22:00:00,87690.39,88732.38,88315.96,88660.75,980.68394675
353,2024-11-12 21:00:00,88242.19,89843.85,89618.09,88315.94,1770.15076141
354,2024-11-12 20:00:00,88824.81,90100.0,88865.58,89618.02,3924.85821244
355,2024-11-12 19:00:00,88800.0,89966.0,88982.24,88874.49,3097.86450119
356,2024-11-12 18:00:00,87023.88,89074.57,87073.9,88982.23,2857.91666705
357,2024-11-12 17:00:00,86970.09,88050.36,87166.21,87073.27,2340.8386752
358,2024-11-12 16:00:00,85811.54,87715.83,86711.06,87155.08,2541.0834471
359,2024-11-12 15:00:00,86212.1,87598.24,87059.56,86713.09,1783.60546225
360,2024-11-12 14:00:00,85250.0,87155.84,86381.18,87073.35,2257.06688075
361,2024-11-12 13:00:00,85010.0,86593.34,86395.39,86385.38,2915.11634498
362,2024-11-12 12:00:00,86253.01,87928.56,87241.31,86389.04,924.43949614
363,2024-11-12 11:00:00,86600.01,87941.84,86851.79,87241.48,1338.77227184
364,2024-11-12 10:00:00,85317.81,88122.77,87737.83,86860.53,2098.66043457
365,2024-11-12 09:00:00,87734.5,89512.49,89414.08,87734.5,1046.45802255
366,2024-11-12 08:00:00,88838.84,89445.92,89113.95,89414.1,717.01399555
367,2024-11-12 07:00:00,89077.17,89993.69,89652.9,89114.02,883.39322486
368,2024-11-12 06:00:00,88259.89,89933.18,88487.11,89655.19,858.66419888
369,2024-11-12 05:00:00,88260.85,88938.7,88537.85,88487.12,662.3719884
370,2024-11-12 04:00:00,87829.73,89100.0,88176.01,88538.55,738.36919524
371,2024-11-12 03:00:00,87595.46,88346.98,87815.74,88175.87,706.79871816
372,2024-11-12 02:00:00,87072.43,88998.94,88666.03,87815.74,1095.43518359
373,2024-11-12 01:00:00,88518.51,89600.0,89093.35,88663.66,1771.50771957
374,2024-11-12 00:00:00,86674.94,89100.56,88770.74,89093.37,1951.53782072
375,2024-11-11 23:00:00,88081.42,89666.0,88085.26,88770.73,2746.63978939
376,2024-11-11 22:00:00,86499.0,88208.83,88034.54,88084.34,1923.52257132
377,2024-11-11 21:00:00,86862.0,88499.0,87058.85,88031.5,2051.47952889
378,2024-11-11 20:00:00,86226.37,87548.52,86279.53,87047.89,3259.70503131
379,2024-11-11 19:00:00,85560.05,86847.0,85965.47,86281.69,2477.24946771
380,2024-11-11 18:00:00,84315.92,85969.0,84740.22,85965.72,2459.03797708
381,2024-11-11 17:00:00,84319.87,85000.0,84330.9,84739.41,2037.1529594
382,2024-11-11 16:00:00,83944.11,85000.0,84196.18,84330.17,3621.83918428
383,2024-11-11 15:00:00,82454.0,84449.0,82600.49,84197.79,4066.45193204
384,2024-11-11 14:00:00,81602.51,82700.0,81900.0,82597.75,2503.92732033
385,2024-11-11 13:00:00,81550.74,82319.0,82237.21,81900.01,722.37712279
386,2024-11-11 12:00:00,81805.82,82544.09,82217.97,82237.06,958.78265909
387,2024-11-11 11:00:00,81906.0,82325.05,82048.12,82217.97,397.94487268
388,2024-11-11 10:00:00,81738.74,82444.39,81771.95,82048.13,639.83490756
389,2024-11-11 09:00:00,81233.5,81852.08,81312.14,81771.96,543.95914648
390,2024-11-11 08:00:00,81100.8,81463.6,81193.99,81321.35,414.6620118
391,2024-11-11 07:00:00,80828.35,81300.89,80972.92,81198.87,321.14685658
392,2024-11-11 06:00:00,80658.95,81318.0,80800.43,80965.87,496.03025214
393,2024-11-11 05:00:00,80519.1,81658.3,81505.24,80808.62,513.93042586
394,2024-11-11 04:00:00,81240.45,81826.64,81693.14,81505.22,500.66312036
395,2024-11-11 03:00:00,81026.51,81943.26,81512.24,81693.14,714.86106631
396,2024-11-11 02:00:00,81094.57,81588.0,81269.13,81512.24,629.86610624
397,2024-11-11 01:00:00,80430.73,81788.99,80638.34,81262.59,966.29934168
398,2024-11-11 00:00:00,80277.34,80866.93,80427.69,80638.34,592.75501562
399,2024-11-10 23:00:00,80015.0,80783.09,80658.77,80428.92,1076.1146295
400,2024-11-10 22:00:00,79827.54,81534.28,79927.08,80662.49,1122.68756522
401,2024-11-10 21:00:00,78455.37,80062.52,78989.0,79927.16,804.04366213
402,2024-11-10 20:00:00,78981.48,79970.0,79810.97,78988.6,669.15564485
403,2024-11-10 19:00:00,79400.84,80935.18,80621.63,79811.97,1090.81187388
404,2024-11-10 18:00:00,80416.15,81111.0,80430.16,80621.62,1260.43700528
405,2024-11-10 17:00:00,79706.84,80787.73,79832.4,80430.85,924.32792353
406,2024-11-10 16:00:00,79536.54,79855.24,79756.44,79838.21,307.86005266
407,2024-11-10 15:00:00,79428.58,79839.94,79562.78,79756.44,374.91440259
408,2024-11-10 14:00:00,79250.0,80047.32,79779.16,79561.9,578.41619911
409,2024-11-10 13:00:00,79584.17,79981.65,79717.75,79784.86,328.12397187
410,2024-11-10 12:00:00,79305.44,80137.69,79885.9,79709.6,731.53159655
411,2024-11-10 11:00:00,79587.53,80000.0,79589.05,79885.68,976.00056541
412,2024-11-10 10:00:00,79314.11,79815.27,79405.03,79589.06,446.53530822
413,2024-11-10 09:00:00,79140.85,79542.92,79157.84,79412.84,325.89583581
414,2024-11-10 08:00:00,78862.66,79178.5,78862.66,79162.77,197.25490338
415,2024-11-10 07:00:00,78764.23,79199.3,78946.0,78862.66,270.23241436
416,2024-11-10 06:00:00,78649.96,79291.33,79102.28,78941.87,596.10672017
417,2024-11-10 05:00:00,78833.71,79799.79,79147.63,79100.68,1394.81613277
418,2024-11-10 04:00:00,77188.63,79338.39,77257.46,79145.15,1540.7365386
419,2024-11-10 03:00:00,77028.1,77477.37,77069.8,77264.97,388.48089768
420,2024-11-10 02:00:00,76700.0,77520.41,76743.52,77077.09,616.59795255
421,2024-11-10 01:00:00,76714.91,77019.03,76925.09,76741.01,201.46730881
422,2024-11-10 00:00:00,76535.33,77150.0,76716.06,76920.02,505.6619461
423,2024-11-09 23:00:00,76500.46,76952.67,76542.0,76716.06,425.99186303
424,2024-11-09 22:00:00,76390.51,76648.94,76480.91,76541.99,200.09334287
425,2024-11-09 21:00:00,76250.25,76518.98,76330.79,76481.71,168.84590185
426,2024-11-09 20:00:00,76206.41,76413.26,76246.58,76333.14,167.83140721
427,2024-11-09 19:00:00,76151.9,76732.32,76396.64,76244.62,287.72491203
428,2024-11-09 18:00:00,76222.1,76429.21,76279.09,76396.63,134.26252157
429,2024-11-09 17:00:00,75758.58,76283.43,76122.3,76272.1,362.12108647
430,2024-11-09 16:00:00,76093.0,76366.2,76349.99,76117.98,229.07392402
431,2024-11-09 15:00:00,76319.87,76456.16,76395.53,76348.18,165.33861518
432,2024-11-09 14:00:00,76300.38,76481.48,76461.01,76395.53,220.01012589
433,2024-11-09 13:00:00,76323.53,76517.26,76330.91,76461.02,182.42462591
434,2024-11-09 12:00:00,76319.32,76583.19,76532.39,76330.91,147.19075083
435,2024-11-09 11:00:00,76415.72,76570.6,76509.82,76534.61,90.52873225
436,2024-11-09 10:00:00,76455.0,76682.75,76599.31,76509.81,130.71712331
437,2024-11-09 09:00:00,76541.63,76688.54,76585.38,76599.32,160.6656267
438,2024-11-09 08:00:00,76477.45,76777.4,76586.06,76585.38,157.93178774
439,2024-11-09 07:00:00,76400.0,76616.19,76562.72,76586.05,157.76476362
440,2024-11-09 06:00:00,76455.64,76845.0,76595.56,76562.71,269.28872505
441,2024-11-09 05:00:00,76406.25,76706.02,76434.0,76595.55,211.47279994
442,2024-11-09 04:00:00,76336.92,76469.66,76396.76,76433.99,114.14243659
443,2024-11-09 03:00:00,76289.96,76496.5,76479.67,76396.77,149.08548341
444,2024-11-09 02:00:00,76184.3,76487.31,76362.86,76479.68,205.26573351
445,2024-11-09 01:00:00,76304.84,76603.81,76480.39,76362.85,271.86115179
446,2024-11-09 00:00:00,76420.01,76692.21,76566.72,76485.89,226.93661261
447,2024-11-08 23:00:00,76350.29,76586.6,76431.95,76566.73,343.42463545
448,2024-11-08 22:00:00,76363.22,76681.39,76535.61,76430.23,442.30684454
449,2024-11-08 21:00:00,76455.28,76814.73,76709.7,76535.62,954.11079493
450,2024-11-08 20:00:00,76526.38,77245.51,77032.78,76712.64,1767.11627761
451,2024-11-08 19:00:00,76851.94,77312.18,76917.96,77032.78,2020.36471187
452,2024-11-08 18:00:00,76405.89,77134.4,76454.18,76926.01,2335.33899504
453,2024-11-08 17:00:00,75889.0,76600.0,75984.08,76454.18,1056.48673427
454,2024-11-08 16:00:00,75900.16,76605.0,76516.29,75984.09,1201.84530655
455,2024-11-08 15:00:00,75689.0,76660.72,75816.42,76516.29,1575.50477887
456,2024-11-08 14:00:00,75689.0,76483.28,76363.17,75816.41,1372.52204416
457,2024-11-08 13:00:00,75922.0,76406.56,76146.34,76363.17,608.55705949
458,2024-11-08 12:00:00,76000.02,76266.91,76020.94,76146.35,301.71363556
459,2024-11-08 11:00:00,76003.38,76375.11,76315.06,76020.93,220.78341112
460,2024-11-08 10:00:00,75853.92,76410.4,76026.01,76315.28,199.90542994
461,2024-11-08 09:00:00,75852.87,76160.0,75892.81,76020.86,263.00783986
462,2024-11-08 08:00:00,75840.37,76310.48,76284.83,75892.8,274.06039682
463,2024-11-08 07:00:00,75749.04,76348.08,75942.41,76284.82,770.2870413
464,2024-11-08 06:00:00,75890.28,76085.05,76051.2,75942.4,234.63751446
465,2024-11-08 05:00:00,75882.55,76223.71,75914.57,76051.21,362.85766455
466,2024-11-08 04:00:00,75882.03,76110.2,75975.89,75914.58,363.53828219
467,2024-11-08 03:00:00,75654.26,75977.1,75789.44,75975.88,363.45452056
468,2024-11-08 02:00:00,75713.52,76099.06,76051.71,75789.43,289.27631468
469,2024-11-08 01:00:00,75906.36,76399.99,76077.85,76051.71,581.44458621
470,2024-11-08 00:00:00,75902.6,76419.44,75925.0,76077.85,475.85394261
471,2024-11-07 23:00:00,75760.92,76142.07,75933.76,75920.0,475.07845643
472,2024-11-07 22:00:00,75545.45,76070.0,75962.66,75935.48,614.61914715
473,2024-11-07 21:00:00,75952.8,76721.47,76595.33,75962.67,1002.89693022
474,2024-11-07 20:00:00,76425.31,76999.0,76639.0,76599.9,3156.0301097
475,2024-11-07 19:00:00,76030.0,76686.6,76676.95,76638.99,2097.42948216
476,2024-11-07 18:00:00,75920.24,76824.0,76372.09,76679.56,1916.44146049
477,2024-11-07 17:00:00,75845.22,76582.97,75988.54,76372.09,2185.45083126
478,2024-11-07 16:00:00,75633.46,76302.95,76176.42,75997.61,1851.45344631
479,2024-11-07 15:00:00,74728.15,76187.21,74871.03,76175.16,2037.2652086
480,2024-11-07 14:00:00,74551.42,75052.23,74707.12,74871.04,1057.2156182
481,2024-11-07 13:00:00,74620.69,75085.7,75027.38,74707.34,428.94371034
482,2024-11-07 12:00:00,74756.3,75153.0,74776.42,75027.38,315.63995547
483,2024-11-07 11:00:00,74721.83,75078.84,75053.28,74776.42,228.09389746
484,2024-11-07 10:00:00,74781.88,75069.65,74947.74,75053.27,251.91817483
485,2024-11-07 09:00:00,74861.26,75183.93,75179.14,74947.74,244.48266527
486,2024-11-07 08:00:00,74704.29,75179.14,74795.01,75177.2,332.8147363
487,2024-11-07 07:00:00,74714.06,75000.0,74803.7,74795.02,245.63524445
488,2024-11-07 06:00:00,74463.96,74876.98,74793.45,74803.69,397.49236748
489,2024-11-07 05:00:00,74715.84,74948.73,74769.27,74793.45,267.5210078
490,2024-11-07 04:00:00,74664.42,75104.25,75088.09,74766.81,503.2246934
491,2024-11-07 03:00:00,75049.14,75456.55,75316.15,75089.35,424.15435484
492,2024-11-07 02:00:00,75178.28,75519.0,75445.56,75316.15,413.8946155
493,2024-11-07 01:00:00,75265.89,76067.11,75402.94,75436.6,768.89407525
494,2024-11-07 00:00:00,75111.0,75713.59,75646.55,75402.94,715.8118879
495,2024-11-06 23:00:00,75618.06,75919.7,75702.85,75646.55,617.61553635
496,2024-11-06 22:00:00,75586.7,76128.25,75984.33,75702.84,552.97157167
497,2024-11-06 21:00:00,75749.82,76292.29,76203.42,75976.52,1338.92941659
498,2024-11-06 20:00:00,75611.28,76509.56,75966.42,76221.57,2924.53432841
499,2024-11-06 19:00:00,75158.35,76000.0,75349.22,75966.43,3113.24346308
500,2024-11-06 18:00:00,74453.55,75364.0,74504.89,75349.21,1807.46250066
501,2024-11-06 17:00:00,74211.53,75900.0,74398.22,74504.53,2871.3806214
502,2024-11-06 16:00:00,74181.19,74663.26,74396.58,74398.22,1810.50481156
503,2024-11-06 15:00:00,73578.48,74641.58,73699.92,74396.58,2634.18753635
504,2024-11-06 14:00:00,73519.51,74830.68,74028.43,73699.36,2959.56844798
505,2024-11-06 13:00:00,73625.57,74323.59,74211.88,74028.48,1060.14863617
506,2024-11-06 12:00:00,74193.91,74833.75,74319.62,74211.03,1052.89910267
507,2024-11-06 11:00:00,73690.0,74500.0,73867.3,74315.87,701.04549751
508,2024-11-06 10:00:00,73416.21,73983.94,73809.54,73864.09,680.2222127
509,2024-11-06 09:00:00,73461.9,74134.51,73466.14,73809.53,1213.17533489
510,2024-11-06 08:00:00,72723.42,73579.68,73408.04,73464.06,1558.34546189
511,2024-11-06 07:00:00,73139.06,74713.76,74274.91,73411.0,2398.8908441
512,2024-11-06 06:00:00,74236.61,75410.1,74785.28,74274.2,1872.13830796
513,2024-11-06 05:00:00,73668.85,74882.27,74287.45,74781.91,2089.98551004
514,2024-11-06 04:00:00,73902.54,74974.89,74348.05,74277.41,2106.29325248
515,2024-11-06 03:00:00,73006.89,75000.0,73112.63,74349.49,4073.4113508
516,2024-11-06 02:00:00,70957.13,73324.76,71136.49,73112.53,2474.57147712
517,2024-11-06 01:00:00,70502.45,71468.53,71127.89,71136.09,1377.41190114
518,2024-11-06 00:00:00,69285.82,71518.59,69380.64,71138.76,2109.18125017
519,2024-11-05 23:00:00,69285.83,69891.44,69586.45,69380.73,487.10955477
520,2024-11-05 22:00:00,68887.2,69598.41,69159.83,69586.45,350.89002788
521,2024-11-05 21:00:00,69069.69,69617.4,69439.55,69163.99,362.02440247
522,2024-11-05 20:00:00,68813.58,69649.16,68997.62,69439.54,915.08628349
523,2024-11-05 19:00:00,68713.49,70282.5,70235.14,68997.73,999.03479149
524,2024-11-05 18:00:00,69736.72,70266.46,69951.04,70242.64,670.44335959
525,2024-11-05 17:00:00,69888.13,70480.94,70181.81,69955.78,1023.99462508
526,2024-11-05 16:00:00,69500.38,70557.67,69617.87,70178.9,1441.40769537
527,2024-11-05 15:00:00,69200.06,70066.68,69956.98,69620.92,1300.78004181
528,2024-11-05 14:00:00,68730.73,70310.0,68779.64,69957.01,1937.53596658
529,2024-11-05 13:00:00,68626.59,68881.32,68837.15,68779.64,236.84257957
530,2024-11-05 12:00:00,68644.5,68920.0,68780.01,68837.16,265.47740739
531,2024-11-05 11:00:00,68724.24,68932.26,68735.24,68777.08,221.75964148
532,2024-11-05 10:00:00,68575.49,68819.12,68730.34,68735.24,173.97080219
533,2024-11-05 09:00:00,68696.57,69059.32,68988.44,68730.29,209.31383977
534,2024-11-05 08:00:00,68737.82,69009.83,68857.49,68988.44,241.81489503
535,2024-11-05 07:00:00,68535.47,68939.39,68732.46,68861.88,219.07662601
536,2024-11-05 06:00:00,68528.77,68763.04,68697.15,68733.42,166.38329469
537,2024-11-05 05:00:00,68248.94,68750.0,68277.5,68697.66,285.989819
538,2024-11-05 04:00:00,68166.3,68466.48,68193.42,68269.96,248.012433
539,2024-11-05 03:00:00,67821.41,68212.14,67832.29,68191.22,117.34370552
540,2024-11-05 02:00:00,67778.0,68023.89,67945.67,67832.28,206.37305128
541,2024-11-05 01:00:00,67427.53,68052.28,67975.13,67940.18,291.84134087
542,2024-11-05 00:00:00,67744.72,68124.98,67810.15,67979.8,495.15509185
543,2024-11-04 23:00:00,67596.41,67996.87,67874.11,67807.48,351.90029947
544,2024-11-04 22:00:00,67006.92,68042.0,67065.79,67874.11,681.34723984
545,2024-11-04 21:00:00,66783.77,67564.36,67274.87,67071.68,1088.97750133
546,2024-11-04 20:00:00,67231.21,67799.29,67799.28,67279.04,823.65895703
547,2024-11-04 19:00:00,67596.96,68022.34,67604.68,67799.08,808.29983061
548,2024-11-04 18:00:00,67503.38,68006.78,67794.72,67604.68,1055.42306515
549,2024-11-04 17:00:00,67191.0,67886.63,67703.6,67794.73,1348.17959338
550,2024-11-04 16:00:00,67561.05,68786.57,68612.67,67708.93,1262.27442425
551,2024-11-04 15:00:00,68197.16,68734.95,68371.42,68612.35,1014.63877529
552,2024-11-04 14:00:00,68144.04,68672.25,68619.99,68358.01,1014.20120267
553,2024-11-04 13:00:00,68608.27,69210.66,68912.42,68619.94,481.22767639
554,2024-11-04 12:00:00,68675.0,68960.32,68734.39,68912.42,190.69613419
555,2024-11-04 11:00:00,68648.95,68989.39,68786.32,68734.39,131.07211547
556,2024-11-04 10:00:00,68542.47,68860.52,68584.12,68786.32,146.64485864
557,2024-11-04 09:00:00,68432.81,68868.81,68631.01,68587.22,304.36468655
558,2024-11-04 08:00:00,68405.28,68688.49,68544.52,68631.01,164.73338238
559,2024-11-04 07:00:00,68541.01,69123.08,69063.09,68544.76,261.65817334
560,2024-11-04 06:00:00,68759.27,69110.58,68759.28,69063.1,79.3005995
561,2024-11-04 05:00:00,68661.74,69123.12,69098.85,68759.28,130.47165858
562,2024-11-04 04:00:00,68999.98,69348.68,69000.42,69092.75,138.81773019
563,2024-11-04 03:00:00,68954.84,69453.94,69252.18,69000.61,174.1264525
564,2024-11-04 02:00:00,68833.69,69300.0,68928.3,69252.18,228.38007797
565,2024-11-04 01:00:00,68523.3,68993.21,68679.13,68923.78,238.31347619
566,2024-11-04 00:00:00,68201.0,68738.22,68736.4,68676.1,312.30580426
567,2024-11-03 23:00:00,68464.91,68874.73,68845.17,68738.18,578.50623283
568,2024-11-03 22:00:00,68747.89,69278.58,69111.25,68845.18,298.93659317
569,2024-11-03 21:00:00,68927.75,69330.67,68939.19,69111.25,409.14607195
570,2024-11-03 20:00:00,68467.31,68945.0,68649.52,68937.07,219.15215735
571,2024-11-03 19:00:00,67968.22,68660.62,67980.2,68649.52,239.06898067
572,2024-11-03 18:00:00,67664.17,68414.41,68336.43,67980.7,299.46785907
573,2024-11-03 17:00:00,68105.42,68450.0,68121.96,68336.38,185.60953086
574,2024-11-03 16:00:00,68025.02,68518.79,68054.57,68125.06,446.64683357
575,2024-11-03 15:00:00,67444.0,68199.92,67749.44,68054.57,591.94599898
576,2024-11-21 14:00:00,96543.1,97746.95,97570.45,97071.06,1433.22924566
577,2024-11-21 13:00:00,97067.28,97800.0,97324.29,97569.99,1399.69328098
578,2024-11-21 12:00:00,97288.49,98265.49,98007.19,97327.01,1518.24602394
579,2024-11-21 11:00:00,97714.66,98370.3,97745.99,98005.95,1261.0190787
580,2024-11-21 10:00:00,97302.42,97790.0,97655.03,97746.0,445.28327487
581,2024-11-21 09:00:00,97067.97,97745.89,97157.74,97655.03,482.82069892
582,2024-11-21 08:00:00,96780.35,97205.98,96982.88,97157.74,330.37007629
583,2024-11-21 07:00:00,96956.98,97448.22,97073.51,96982.73,303.75040971
584,2024-11-21 06:00:00,96850.52,97481.12,97404.5,97074.37,619.0185449
585,2024-11-21 05:00:00,96717.17,97931.0,97608.79,97403.71,1319.03778428
586,2024-11-21 04:00:00,95879.92,97749.0,95899.44,97611.15,1952.90595325
587,2024-11-21 03:00:00,94502.03,96000.0,94524.1,95899.6,1136.95751745
588,2024-11-21 02:00:00,94127.2,94890.37,94792.11,94524.1,688.67987319
589,2024-11-21 01:00:00,94685.05,95000.2,94804.34,94792.12,761.2592108
590,2024-11-21 00:00:00,94267.27,95000.0,94384.15,94815.42,736.55874471
591,2024-11-20 23:00:00,93858.0,94393.15,94244.28,94393.15,480.76786464
592,2024-11-20 22:00:00,94010.54,94583.06,94456.84,94244.28,354.13476158
593,2024-11-20 21:00:00,94000.0,94618.91,94383.05,94456.85,551.33326383
594,2024-11-20 20:00:00,93947.18,94744.99,94139.11,94380.69,1320.0967221
595,2024-11-20 19:00:00,93333.0,94159.99,93785.23,94139.11,1239.46081307
596,2024-11-20 18:00:00,93251.36,94450.0,94042.58,93791.31,1699.20897286
597,2024-11-20 17:00:00,93706.94,94468.62,94172.75,94045.2,1136.78171108
598,2024-11-20 16:00:00,93382.89,94989.99,94887.1,94172.96,2012.59720606
599,2024-11-20 15:00:00,94158.0,94987.0,94761.51,94887.11,2127.29260632
600,2024-11-20 14:00:00,93904.58,94849.99,94492.52,94769.21,1916.46234556
601,2024-11-20 13:00:00,93634.4,94709.2,93634.4,94492.52,1420.69191338
602,2024-11-20 12:00:00,93418.47,93876.49,93561.47,93639.14,589.61696989
603,2024-11-20 11:00:00,92935.24,93739.22,93382.79,93561.47,435.89551082
604,2024-11-20 10:00:00,93106.45,93628.75,93174.92,93382.79,275.642202
605,2024-11-20 09:00:00,93052.57,93772.26,93297.61,93171.36,568.81157214
606,2024-11-20 08:00:00,92803.43,93429.57,92946.91,93299.83,546.77325018
607,2024-11-20 07:00:00,92379.07,92968.73,92468.37,92946.91,499.21367387
608,2024-11-20 06:00:00,92441.4,92761.59,92617.54,92468.37,490.50912279
609,2024-11-20 05:00:00,92025.03,92649.31,92204.05,92617.54,564.8009258
610,2024-11-20 04:00:00,91965.13,92393.62,92157.97,92204.06,489.9088142
611,2024-11-20 03:00:00,91600.0,92196.88,91884.84,92160.34,379.36561151
612,2024-11-20 02:00:00,91721.76,92195.9,92126.09,91884.84,415.82492735
613,2024-11-20 01:00:00,91854.21,92397.2,92168.78,92125.87,385.19889348
614,2024-11-20 00:00:00,92131.55,92577.36,92445.04,92168.77,428.18220055
615,2024-11-19 23:00:00,91691.33,92451.04,91939.92,92435.89,513.69693344
616,2024-11-19 22:00:00,91500.0,92562.06,92313.15,91960.64,551.15708753
617,2024-11-19 21:00:00,91903.52,92869.02,92577.96,92313.16,671.19950295
618,2024-11-19 20:00:00,92271.34,93697.59,93331.01,92577.97,1370.45661871
619,2024-11-19 19:00:00,93181.93,94105.84,93789.63,93331.02,1399.69901834
620,2024-11-19 18:00:00,92829.01,93989.0,92963.12,93788.37,2373.79882025
621,2024-11-19 17:00:00,92442.92,93395.86,92663.79,92963.32,1650.46074725
622,2024-11-19 16:00:00,92250.0,92763.65,92492.76,92663.8,1348.07098533
623,2024-11-19 15:00:00,91549.0,92563.35,91905.29,92492.76,1761.68528136
624,2024-11-19 14:00:00,91026.74,92375.19,91202.44,91907.5,1320.62327748
625,2024-11-19 13:00:00,91098.8,92850.0,92535.71,91196.55,1028.18706695
626,2024-11-19 12:00:00,91709.49,92660.6,91709.49,92535.1,712.8718495
627,2024-11-19 11:00:00,91564.03,91922.1,91809.15,91709.49,171.96742636
628,2024-11-19 10:00:00,91529.05,91979.74,91750.71,91809.14,314.03772775
629,2024-11-19 09:00:00,91234.32,91996.44,91818.06,91750.72,342.69835178
630,2024-11-19 08:00:00,91436.21,91830.22,91688.0,91818.06,231.42798212
631,2024-11-19 07:00:00,91649.36,92091.99,92025.45,91677.0,271.60069317
632,2024-11-19 06:00:00,91655.45,92055.99,91939.64,92025.45,254.51576114
633,2024-11-19 05:00:00,91283.66,91978.19,91581.97,91940.75,312.45167516
634,2024-11-19 04:00:00,91279.55,91868.87,91471.92,91589.0,320.47135556
635,2024-11-19 03:00:00,91213.03,91592.37,91299.99,91471.93,236.18660128
636,2024-11-19 02:00:00,90747.63,91333.78,90766.15,91299.99,278.58567006
637,2024-11-19 01:00:00,90659.13,91309.87,91091.68,90762.73,402.26716623
638,2024-11-19 00:00:00,90403.24,91267.39,90521.32,91083.57,429.04351274
639,2024-11-18 23:00:00,90294.86,91297.33,91230.5,90520.3,535.73873012
640,2024-11-18 22:00:00,91036.05,91553.07,91368.02,91230.51,474.65439088
641,2024-11-18 21:00:00,91234.33,92095.34,91568.11,91371.51,1167.47861537
642,2024-11-18 20:00:00,90483.42,92043.99,90684.04,91575.13,2012.09320519
643,2024-11-18 19:00:00,89720.74,90724.48,90415.72,90681.98,1229.18073293
644,2024-11-18 18:00:00,90142.33,91735.37,91636.23,90415.72,959.97049908
645,2024-11-18 17:00:00,90967.43,92208.74,91464.23,91636.23,1017.2690776
646,2024-11-18 16:00:00,91156.75,92639.8,92399.16,91466.65,1190.14755267
647,2024-11-18 15:00:00,90258.14,92674.8,90314.38,92392.15,2365.29332599
648,2024-11-18 14:00:00,89434.62,91105.22,89517.1,90320.3,1086.24243033
649,2024-11-18 13:00:00,89372.65,90613.62,90532.98,89511.06,843.25937278
650,2024-11-18 12:00:00,90108.04,90778.44,90282.71,90533.38,489.46595565
651,2024-11-18 11:00:00,90051.24,91839.21,91766.32,90275.89,575.36389557
652,2024-11-18 10:00:00,91657.72,92024.51,91719.56,91763.08,278.0820588
653,2024-11-18 09:00:00,91643.89,92221.0,91806.3,91723.31,272.86054807
654,2024-11-18 08:00:00,91562.39,92145.0,91732.45,91806.3,245.82560356
655,2024-11-18 07:00:00,91412.03,92234.39,92048.17,91726.75,474.26580665
656,2024-11-18 06:00:00,90621.27,92082.9,90621.27,92055.03,535.25810267
657,2024-11-18 05:00:00,90450.02,90820.02,90456.59,90626.05,207.92158969
658,2024-11-18 04:00:00,90450.0,90726.24,90658.92,90456.6,137.57255654
659,2024-11-18 03:00:00,90303.21,90691.36,90499.39,90658.1,214.02430582
660,2024-11-18 02:00:00,90410.96,90863.42,90759.08,90500.0,237.52797024
661,2024-11-18 01:00:00,89892.51,90949.0,89955.8,90747.34,428.8996407
662,2024-11-18 00:00:00,89640.83,90132.25,89877.11,89966.17,362.37569761
663,2024-11-17 23:00:00,89330.08,89895.81,89563.27,89886.69,457.70836555
664,2024-11-17 22:00:00,88713.64,89657.97,89139.21,89563.59,445.30517329
665,2024-11-17 21:00:00,89010.0,89740.48,89630.55,89141.19,454.83563334
666,2024-11-17 20:00:00,89500.0,90219.3,90054.48,89630.95,308.15092229
667,2024-11-17 19:00:00,89685.7,90156.59,89928.03,90054.48,264.66726649
668,2024-11-17 18:00:00,89835.32,90628.36,90577.62,89934.96,239.36469799
669,2024-11-17 17:00:00,90132.82,90630.75,90447.61,90577.66,181.62369552
670,2024-11-17 16:00:00,90066.29,90530.76,90258.62,90439.77,174.69526092
671,2024-11-17 15:00:00,90111.01,90594.23,90307.72,90257.57,205.30479165
672,2024-11-17 14:00:00,89920.23,90760.64,90504.93,90307.73,244.41913098
673,2024-11-17 13:00:00,90303.91,91097.45,91070.78,90504.95,177.34773566
674,2024-11-17 12:00:00,90624.28,91179.85,90679.64,91070.79,104.44376809
675,2024-11-17 11:00:00,90505.73,91085.87,91064.63,90674.33,135.64211505
676,2024-11-17 10:00:00,90896.33,91335.0,91283.92,91074.5,79.13960307
677,2024-11-17 09:00:00,90950.37,91439.82,90969.51,91286.78,158.76544335
678,2024-11-17 08:00:00,90455.41,91049.77,90551.33,90969.51,166.88452888
679,2024-11-17 07:00:00,90353.42,90667.99,90631.81,90551.38,89.66929458
680,2024-11-17 06:00:00,90357.7,90781.6,90476.2,90632.73,80.24050661
681,2024-11-17 05:00:00,90372.63,90899.0,90606.47,90467.27,132.81693072
682,2024-11-17 04:00:00,90182.4,90696.02,90296.64,90606.46,221.73373979
683,2024-11-17 03:00:00,89809.67,90298.0,90070.88,90295.81,155.70071749
684,2024-11-17 02:00:00,89400.0,90327.62,90309.36,90070.88,617.57666236
685,2024-11-17 01:00:00,90033.99,90907.61,90849.86,90309.36,329.00146892
686,2024-11-17 00:00:00,90608.89,90935.79,90638.54,90849.79,149.51377565
687,2024-11-16 23:00:00,90366.82,90713.24,90366.82,90636.24,210.34183819
688,2024-11-16 22:00:00,90350.0,91063.88,91058.79,90377.18,172.87896835
689,2024-11-16 21:00:00,90743.7,91130.79,90802.97,91058.79,143.91225524
690,2024-11-16 20:00:00,90728.01,91255.38,91158.93,90796.04,236.95678306
691,2024-11-16 19:00:00,90965.25,91374.32,91335.81,91158.93,179.86430369
692,2024-11-16 18:00:00,90862.03,91446.39,90945.23,91345.18,260.5750869
693,2024-11-16 17:00:00,90523.61,91050.41,90622.24,90952.45,199.02200044
694,2024-11-16 16:00:00,90229.04,90881.06,90558.91,90638.84,349.32109127
695,2024-11-16 15:00:00,90069.21,91051.84,91003.56,90558.9,560.51830701
696,2024-11-16 14:00:00,90636.63,91109.32,90787.57,90995.25,240.77462216
697,2024-11-16 13:00:00,90709.02,91228.98,90938.02,90787.57,287.73618716
698,2024-11-16 12:00:00,90502.71,91344.05,91198.3,90923.06,441.81874075
699,2024-11-16 11:00:00,91005.46,91439.57,91400.57,91203.76,275.30885592
700,2024-11-16 10:00:00,91250.0,91621.18,91256.26,91411.32,166.60283416
701,2024-11-16 09:00:00,91256.11,91470.6,91454.84,91256.25,174.29246744
702,2024-11-16 08:00:00,91062.53,91461.27,91154.58,91454.84,195.11106208
703,2024-11-16 07:00:00,91113.11,91448.37,91243.93,91154.59,157.3771535
704,2024-11-16 06:00:00,91187.74,91506.8,91389.72,91243.92,154.99039921
705,2024-11-16 05:00:00,91194.4,91820.73,91328.59,91389.71,218.3440122
706,2024-11-16 04:00:00,91108.3,91456.28,91299.67,91328.74,190.85768624
707,2024-11-16 03:00:00,91094.1,91643.77,91475.77,91289.95,231.90032053
708,2024-11-16 02:00:00,91196.05,91764.06,91298.03,91478.15,326.65596972
709,2024-11-16 01:00:00,90995.17,91499.99,91059.19,91296.94,551.31612184
710,2024-11-16 00:00:00,90888.02,91365.77,91058.36,91062.46,671.54986334
711,2024-11-15 23:00:00,90890.52,91494.61,91247.32,91058.36,643.95908588
712,2024-11-15 22:00:00,91110.35,91934.62,91725.03,91238.48,679.96794473
713,2024-11-15 21:00:00,91107.86,91890.56,91521.29,91733.56,1423.30547038
714,2024-11-15 20:00:00,90357.7,91541.67,90400.33,91523.12,2295.49585429
715,2024-11-15 19:00:00,89267.24,90876.88,89394.98,90418.2,1458.93807148
716,2024-11-15 18:00:00,89211.05,89847.37,89493.38,89394.97,924.36785256
717,2024-11-15 17:00:00,89195.88,89970.46,89387.31,89493.38,1132.14838245
718,2024-11-15 16:00:00,88376.42,89752.02,88440.25,89385.04,1630.60973964
719,2024-11-15 15:00:00,87731.41,89142.34,89115.95,88440.27,2503.49469329
